SNP,EA,NEA,EAF,beta,se,p-val,R2,F
rs112505856,T,C,0.039,-0.046,0.006,8.82E-13,1.58E-04,74.48
rs16835819,C,T,0.018,-0.077,0.009,7.73E-18,2.15E-04,101.05
rs61806853,C,T,0.05,-0.044,0.006,2.26E-15,1.79E-04,84.22
rs79505546,T,C,0.017,-0.054,0.009,7.21E-09,9.62E-05,45.2
rs1194610,C,T,0.235,0.02,0.003,6.01E-13,1.48E-04,69.47
rs67156297,A,G,0.262,0.036,0.003,9.96E-40,4.97E-04,233.76
rs12077265,G,T,0.155,-0.056,0.003,6.24E-64,8.20E-04,385.54
rs4133213,A,C,0.45,-0.086,0.003,1.00E-200,3.63E-03,1713.82
rs79219014,T,G,0.028,-0.086,0.007,1.26E-31,3.92E-04,184.24
rs186110340,G,C,0.024,0.056,0.008,5.02E-12,1.48E-04,69.61
rs139952834,T,C,0.013,0.062,0.011,3.36E-08,9.84E-05,46.23
rs113580743,A,G,0.039,0.049,0.006,4.12E-15,1.81E-04,85.11
rs139460294,C,T,0.016,-0.059,0.01,4.48E-09,1.06E-04,49.83
rs140615642,C,T,0.02,-0.078,0.009,8.53E-19,2.37E-04,111.53
rs116059394,G,A,0.059,0.049,0.005,8.73E-21,2.60E-04,122.33
rs56100876,A,G,0.019,-0.109,0.009,2.35E-33,4.41E-04,207.24
rs4845645,A,T,0.173,-0.051,0.003,1.31E-55,7.34E-04,344.98
rs77994623,T,C,0.167,0.047,0.003,7.08E-49,6.16E-04,289.57
rs76289529,T,C,0.038,-0.047,0.006,8.22E-14,1.64E-04,76.86
rs12750774,A,G,0.316,-0.064,0.003,1.33E-137,1.77E-03,834.94
rs147483024,T,G,0.018,0.066,0.01,7.47E-12,1.55E-04,73.01
rs3766925,A,T,0.227,-0.016,0.003,4.12E-08,8.57E-05,40.28
rs12059682,C,T,0.206,0.046,0.003,5.39E-55,6.97E-04,327.51
rs188727323,T,C,0.189,-0.044,0.003,5.35E-39,5.80E-04,272.64
rs4845657,C,T,0.199,0.04,0.003,1.49E-39,5.03E-04,236.5
rs12757447,G,T,0.016,-0.063,0.01,1.43E-10,1.23E-04,58
rs79753070,A,G,0.025,-0.052,0.008,8.96E-11,1.29E-04,60.64
rs34693607,G,C,0.214,-0.033,0.003,2.09E-29,3.62E-04,170.15
rs11264245,T,C,0.057,-0.029,0.005,3.12E-08,8.78E-05,41.25
rs7523010,A,T,0.213,0.025,0.003,2.13E-15,2.02E-04,94.96